domain,category
biznesstoday.lk,5
biznessteam.lk,5
biznest.lk,5
biznessproject.lk,5
biznessinc.lk,5
biznessmy.lk,5
getbizness.lk,5
bizness.lk,5
biznesse.lk,5
biznesssale.lk,5
companny.lk,5
coompany.lk,5
succezz.lk,5
hustl.lk,5
advaance.lk,5
advanze.lk,5
advanz.lk,5
purchse.lk,5
purchz.lk,5
womn.lk,5
wooman.lk,5
enrgy.lk,5
energi.lk,5
invois.lk,5
invoiz.lk,5
trenz.lk,5
krew.lk,5
crooz.lk,5
cruize.lk,5
cashu.lk,5
cashuw.lk,5
cashuz.lk,5
kredit.lk,5
kwality.lk,5
lonng.lk,4
5ive.lk,4
M4gic.lk,4
Qu1ck.lk,4
Sp1n.lk,4
Bl1nk.lk,4
Fr3sh.lk,4
T3ch.lk,4
M0ti0n.lk,4
Gl1de.lk,4
B3am.lk,4
J4mp.lk,4
K1ck.lk,4
Tw1rl.lk,4
Z1ppy.lk,4
Cr4sh.lk,4
Fl1ck.lk,4
Z3ro.lk,4
P1nk.lk,4
J4zz.lk,4
V1be.lk,4
M3sh.lk,4
T1de.lk,4
K1ng.lk,4
F1zz.lk,4
L1nk.lk,4
S4ge.lk,4
H3ro.lk,4
R1se.lk,4
Q1rk.lk,4
W1sh.lk,4
X1st.lk,4
B1rd.lk,4
N1ce.lk,4
D3al.lk,4
G1ft.lk,4
M1nd.lk,4
L3ap.lk,4
P1pe.lk,4
R1ft.lk,4
T1lt.lk,4
V1ne.lk,4
J1ve.lk,4
F1re.lk,4
S1de.lk,4
G4me.lk,4
C1rc.lk,4
H4lo.lk,4
L1fe.lk,4
B1te.lk,4
R0ck.lk,4
Z1ng.lk,4
N3on.lk,4
C1ty.lk,4
P1ne.lk,4
F1ne.lk,4
K1ss.lk,4
W1nd.lk,4
J4ck.lk,4
M0on.lk,4
T1me.lk,4
D1ve.lk,4
Q1ck.lk,4
H3at.lk,4
R1ch.lk,4
N1te.lk,4
P1zz.lk,4
J3mp.lk,4
N1ke.lk,4
B1nk.lk,4
W1ng.lk,4
V1pe.lk,4
P1ke.lk,4
K1te.lk,4
H1ve.lk,4
S1te.lk,4
R1de.lk,4
T4lk.lk,4
M1le.lk,4
B1ke.lk,4
C4sh.lk,4
L1ne.lk,4
P1ck.lk,4
W1ld.lk,4
T1nt.lk,4
J4de.lk,4
V1va.lk,4
L1te.lk,4
M4rk.lk,4
R1ng.lk,4
W1re.lk,4
Z1pp.lk,4
C1rk.lk,4
D1ce.lk,4
F1sh.lk,4
J3st.lk,4
M1st.lk,4
R4nk.lk,4
T1nk.lk,4
W1ll.lk,4
B1zz.lk,4
H1nt.lk,4
J1ll.lk,4
L1me.lk,4
P4lm.lk,4
S1ze.lk,4
T1ck.lk,4
V4lt.lk,4
X1ne.lk,4
Y4nk.lk,4
C1ue.lk,4
D1nk.lk,4
J1st.lk,4
M1ne.lk,4
Q1te.lk,4
R1pt.lk,4
V1rt.lk,4
H1ke.lk,4
S1ng.lk,4
T1er.lk,4
V1ce.lk,4
W1rk.lk,4
Z1ll.lk,4
C1nt.lk,4
D1rt.lk,4
F1nt.lk,4
techlankabusiness.lk,5
lankabizsolutions.lk,5
businesslankatechie.lk,5
lankatechbizpro.lk,5
bizntechlanka.lk,5
lankatechbizhub.lk,5
biztechielanka.lk,5
lankabusinesstechie.lk,5
techbiznesslanka.lk,5
bizlankasolutions.lk,5
lankabizinnovations.lk,5
businesstechielanka.lk,5
techbizlankapro.lk,5
lankabusinesssolutions.lk,5
bizlankainnovations.lk,5
techsolutionslanka.lk,5
lankatechiebusiness.lk,5
biztechsolutions.lk,5
lankabizhub.lk,5
techlankainnovations.lk,5
bizinnovationslanka.lk,5
lankatechsolutions.lk,5
businessinnovationslanka.lk,5
techiebizsolutions.lk,5
biztechlankahub.lk,5
lankatechbizsolutions.lk,5
techbiznesssrilanka.lk,5
lankabiztechhub.lk,5
techinnovationslanka.lk,5
bizsolutionslanka.lk,5
biztechlanka.lk,5
lankabiztech.lk,5
techbizlanka.lk,5
lankatechbiz.lk,5
bizlankatech.lk,5
techlankabiz.lk,5
lankabusinesstech.lk,5
businesslankatech.lk,5
techbusinesslanka.lk,5
businesstechlanka.lk,5
lankatechiebiz.lk,5
bizlankatechie.lk,5
techielankabiz.lk,5
biztechsrilanka.lk,5
srilankabiztech.lk,5
lankabiztechie.lk,5
techbizsrilanka.lk,5
businesstechsrilanka.lk,5
lankatechbizness.lk,5
techiebizlanka.lk,5
